{
  "error_spike": [
    -3.018238067626953,
    -0.7439935207366943,
    -1.5135347843170166,
    -2.8933329582214355,
    0.851235032081604,
    -1.2467063665390015,
    -1.168778896331787,
    -3.622800827026367,
    2.107027053833008,
    -2.2840192317962646,
    -0.4715443551540375,
    -2.8412444591522217,
    -2.901679277420044,
    1.345118761062622,
    -1.043553113937378,
    2.750291347503662
  ],
  "normal": [
    0.9799014925956726,
    2.856387138366699,
    -1.7240731716156006,
    2.517911672592163,
    1.432754397392273,
    2.4527273178100586,
    -2.0659782886505127,
    -0.4678971767425537,
    -2.2974884510040283,
    1.9390575885772705,
    2.6489455699920654,
    -1.071397066116333,
    1.3691045045852661,
    -0.9817808866500854,
    2.473295211791992,
    -1.2649779319763184
  ],
  "slow": [
    1.4337291717529297,
    0.02197449281811714,
    1.5704941749572754,
    -0.7883633971214294,
    -1.9999685287475586,
    -1.601168155670166,
    2.1418614387512207,
    2.509010076522827,
    1.032912015914917,
    -1.934775471687317,
    -0.9078055620193481,
    2.0261526107788086,
    1.952966332435608,
    -2.1204514503479004,
    -0.12111338973045349,
    -1.958516240119934
  ],
  "__threshold__": 0.9955883026123047
}